adwin_time,awe_time,dwm_time,lnse_time,srp_time
107.59026634693146,75.35178365707398,42.03808808326721,108.19531190395355,264.9684615373611
