Algo,MMHC,K2,PC
Rest_RunTime,16.21704057,7.95550437,4.45005824
