Row,Rest_RunTime
MMHC,5.52230519
K2,3.18787361
PC,1.64786272
