adwin_time,awe_time,dwm_time,lnse_time,srp_time
37.00541272163391,31.473069190979004,5.69576849937439,130.31613416671752,118.27176206111908
