adwin_time,awe_time,dwm_time,lnse_time,srp_time
214.65651483535765,279.5022982597351,139.22372138500214,111.59524710178376,947.1396940231323
