Row,Rest_RunTime
MMHC,7.51413625
K2,2.5892089
PC,20.29486071
