Algo,MMHC,K2,PC
Rest_RunTime,5.80722335,3.19494258,1.80709094
