adwin_time,awe_time,dwm_time,lnse_time,srp_time
37.25277307033539,31.390718603134154,10.883836579322814,60.67685446739197,124.46509895324706
