Algorithm,Obs_500,Obs_1500,Obs_5000,Obs_15000
CB,24.7,28.36666667,31.23333333,33.43333333
PC,89.93333333,114.2333333,145.2666667,163.3666667
